,Product Name,Sub-Category,Frequency
247,KI Adjustable-Height Table,Tables,0.0018285249898415277
238,Chromcraft Round Conference Tables,Tables,0.0016253555465258025
2,Bretford CR4500 Series Slim Rectangular Table,Tables,0.0010158472165786266
38,Hon Racetrack Conference Tables,Tables,0.0010158472165786266
71,"Bevis Round Bullnose 29"" High Table Top",Tables,0.0010158472165786266
40,Bevis 44 x 96 Conference Tables,Tables,0.0008126777732629012
96,"Bevis Round Conference Table Top, X-Base",Tables,0.0008126777732629012
349,Bevis Round Conference Table Top & Single Column Base,Tables,0.0008126777732629012
364,"SAFCO PlanMaster Heigh-Adjustable Drafting Table Base, 43w x 30d x 30-37h, Black",Tables,0.0008126777732629012
373,"Chromcraft Bull-Nose Wood 48"" x 96"" Rectangular Conference Tables",Tables,0.0008126777732629012
388,Bevis Rectangular Conference Tables,Tables,0.0008126777732629012
259,Hon Non-Folding Utility Tables,Tables,0.000609508329947176
260,Bretford Rectangular Conference Table Tops,Tables,0.000609508329947176
174,Laminate Occasional Tables,Tables,0.0004063388866314506
517,"Bush Cubix Conference Tables, Fully Assembled",Tables,0.0004063388866314506
200,Staple remover,Supplies,0.002641202763104429
193,Acme Forged Steel Scissors with Black Enamel Handles,Supplies,0.001219016659894352
46,Fiskars Softgrip Scissors,Supplies,0.0010158472165786266
144,Acme Value Line Scissors,Supplies,0.0010158472165786266
132,Martin Yale Chadless Opener Electric Letter Opener,Supplies,0.0008126777732629012
309,Acme Elite Stainless Steel Scissors,Supplies,0.0008126777732629012
535,Acme Titanium Bonded Scissors,Supplies,0.0008126777732629012
153,Acme Stainless Steel Office Snips,Supplies,0.000609508329947176
509,Acme Office Executive Series Stainless Steel Trimmers,Supplies,0.000609508329947176
134,Sterilite Officeware Hinged File Box,Storage,0.0018285249898415277
66,"Fellowes Personal Hanging Folder Files, Navy",Storage,0.0016253555465258025
282,Fellowes Bankers Box Stor/Drawer Steel Plus,Storage,0.0016253555465258025
298,Tennsco Double-Tier Lockers,Storage,0.0016253555465258025
25,Safco Industrial Wire Shelving System,Storage,0.0014221861032100772
130,Carina Double Wide Media Storage Towers in Natural & Black,Storage,0.0014221861032100772
156,"Hot File 7-Pocket, Floor Stand",Storage,0.0014221861032100772
164,Economy Rollaway Files,Storage,0.0014221861032100772
204,Eldon Shelf Savers Cubes and Bins,Storage,0.0014221861032100772
103,Fellowes Bankers Box Staxonsteel Drawer File/Stacking System,Storage,0.001219016659894352
239,Adjustable Depth Letter/Legal Cart,Storage,0.001219016659894352
297,X-Rack File for Hanging Folders,Storage,0.001219016659894352
302,"Belkin 19"" Vented Equipment Shelf, Black",Storage,0.001219016659894352
359,Tennsco 6- and 18-Compartment Lockers,Storage,0.001219016659894352
377,Fellowes Bases and Tops For Staxonsteel/High-Stak Systems,Storage,0.001219016659894352
469,Akro Stacking Bins,Storage,0.001219016659894352
514,Rogers Deluxe File Chest,Storage,0.001219016659894352
516,Tennsco Industrial Shelving,Storage,0.001219016659894352
519,"SimpliFile Personal File, Black Granite, 15w x 6-15/16d x 11-1/4h",Storage,0.001219016659894352
3,Eldon Fold 'N Roll Cart System,Storage,0.0010158472165786266
19,Home/Office Personal File Carts,Storage,0.0010158472165786266
42,"Trav-L-File Heavy-Duty Shuttle II, Black",Storage,0.0010158472165786266
50,Space Solutions HD Industrial Steel Shelving.,Storage,0.0010158472165786266
74,"File Shuttle II and Handi-File, Black",Storage,0.0010158472165786266
104,Eldon Mobile Mega Data Cart  Mega Stackable  Add-On Trays,Storage,0.0010158472165786266
172,Fellowes Neat Ideas Storage Cubes,Storage,0.0010158472165786266
173,Advantus Rolling Storage Box,Storage,0.0010158472165786266
181,"Personal Folder Holder, Ebony",Storage,0.0010158472165786266
227,Fellowes Super Stor/Drawer Files,Storage,0.0010158472165786266
267,Woodgrain Magazine Files by Perma,Storage,0.0010158472165786266
273,"SAFCO Commercial Wire Shelving, Black",Storage,0.0010158472165786266
450,Fellowes High-Stak Drawer Files,Storage,0.0010158472165786266
60,"Gould Plastics 18-Pocket Panel Bin, 34w x 5-1/4d x 20-1/2h",Storage,0.0008126777732629012
67,Safco Industrial Shelving,Storage,0.0008126777732629012
110,Fellowes Bankers Box Recycled Super Stor/Drawer,Storage,0.0008126777732629012
116,SAFCO Boltless Steel Shelving,Storage,0.0008126777732629012
167,Space Solutions Commercial Steel Shelving,Storage,0.0008126777732629012
223,Portable Personal File Box,Storage,0.0008126777732629012
228,Project Tote Personal File,Storage,0.0008126777732629012
315,Hanging Personal Folder File,Storage,0.0008126777732629012
319,Eldon Portable Mobile Manager,Storage,0.0008126777732629012
417,Crate-A-Files,Storage,0.0008126777732629012
527,Rogers Profile Extra Capacity Storage Tub,Storage,0.0008126777732629012
532,Eldon Simplefile Box Office,Storage,0.0008126777732629012
117,"Decoflex Hanging Personal Folder File, Blue",Storage,0.000609508329947176
250,Iris Project Case,Storage,0.000609508329947176
418,Acco Perma 2700 Stacking Storage Drawers,Storage,0.000609508329947176
470,"Dual Level, Single-Width Filing Carts",Storage,0.000609508329947176
497,Fellowes Staxonsteel Drawer Files,Storage,0.000609508329947176
537,"Tennsco Snap-Together Open Shelving Units, Starter Sets and Add-On Units",Storage,0.000609508329947176
419,"Carina Mini System Audio Rack, Model AR050B",Storage,0.0004063388866314506
476,Adjustable Personal File Tote,Storage,0.0004063388866314506
91,Nortel Meridian M3904 Professional Digital phone,Phones,0.0014221861032100772
408,AT&T 17929 Lendline Telephone,Phones,0.0014221861032100772
53,JBL Micro Wireless Portable Bluetooth Speaker,Phones,0.001219016659894352
162,Jabra SPEAK 410,Phones,0.001219016659894352
196,Pyle PMP37LED,Phones,0.001219016659894352
217,"Logitech B530 USB Headset - headset - Full size, Binaural",Phones,0.001219016659894352
77,AT&T 841000 Phone,Phones,0.0010158472165786266
146,GE 30524EE4,Phones,0.0010158472165786266
179,ClearSounds CSC500 Amplified Spirit Phone Corded phone,Phones,0.0010158472165786266
187,Cisco Unified IP Phone 7945G VoIP phone,Phones,0.0010158472165786266
255,Nortel Networks T7316 E Nt8 B27,Phones,0.0010158472165786266
263,Geemarc AmpliPOWER60,Phones,0.0010158472165786266
348,Jabra Supreme Plus Driver Edition Headset,Phones,0.0010158472165786266
389,Digium D40 VoIP phone,Phones,0.0010158472165786266
394,Polycom VVX 310 VoIP phone,Phones,0.0010158472165786266
446,Polycom CX300 Desktop Phone USB VoIP phone,Phones,0.0010158472165786266
61,Adtran 1202752G1,Phones,0.0008126777732629012
64,PureGear Roll-On Screen Protector,Phones,0.0008126777732629012
133,Panasonic KX-TG9471B,Phones,0.0008126777732629012
143,Cisco SPA301,Phones,0.0008126777732629012
242,invisibleSHIELD by ZAGG Smudge-Free Screen Protector,Phones,0.0008126777732629012
262,Mitel MiVoice 5330e IP Phone,Phones,0.0008126777732629012
295,Square Credit Card Reader,Phones,0.0008126777732629012
362,Polycom SoundStation2 EX Conference phone,Phones,0.0008126777732629012
372,Polycom SoundPoint Pro SE-225 Corded phone,Phones,0.0008126777732629012
492,Mediabridge Sport Armband iPhone 5s,Phones,0.0008126777732629012
495,Vtech CS6719,Phones,0.0008126777732629012
15,"LF Elite 3D Dazzle Designer Hard Case Cover, Lf Stylus Pen and Wiper For Apple Iphone 5c Mini Lite",Phones,0.000609508329947176
120,Apple iPhone 5S,Phones,0.000609508329947176
147,AT&T SB67148 SynJ,Phones,0.000609508329947176
154,Mophie Juice Pack Helium for iPhone,Phones,0.000609508329947176
155,GE 2-Jack Phone Line Splitter,Phones,0.000609508329947176
211,Gear Head AU3700S Headset,Phones,0.000609508329947176
214,OtterBox Commuter Series Case - iPhone 5 & 5s,Phones,0.000609508329947176
336,Apple iPhone 5,Phones,0.000609508329947176
365,Motorla HX550 Universal Bluetooth Headset,Phones,0.000609508329947176
392,Cisco SPA525G2 IP Phone - Wireless,Phones,0.000609508329947176
430,Google Nexus 5,Phones,0.000609508329947176
489,Panasonic Kx-TS550,Phones,0.000609508329947176
504,Panasonic KX TS208W Corded phone,Phones,0.000609508329947176
511,Cisco SPA508G,Phones,0.000609508329947176
512,Cisco SPA 502G IP Phone,Phones,0.000609508329947176
539,iOttie HLCRIO102 Car Mount,Phones,0.000609508329947176
275,Polycom SoundPoint IP 450 VoIP phone,Phones,0.0004063388866314506
414,Innergie mMini Combo Duo USB Travel Charging Kit,Phones,0.0004063388866314506
530,"iKross Bluetooth Portable Keyboard + Cell Phone Stand Holder + Brush for Apple iPhone 5S 5C 5, 4S 4",Phones,0.0004063388866314506
531,iOttie XL Car Mount,Phones,0.0004063388866314506
540,OtterBox Defender Series Case - Samsung Galaxy S4,Phones,0.0004063388866314506
72,Easy-staple paper,Paper,0.004266558309630231
168,"Southworth 100% Résumé Paper, 24lb.",Paper,0.0014221861032100772
98,Xerox 1881,Paper,0.001219016659894352
149,Xerox 225,Paper,0.001219016659894352
182,Xerox 196,Paper,0.001219016659894352
209,Xerox 1931,Paper,0.001219016659894352
268,Xerox 1898,Paper,0.001219016659894352
285,Xerox 217,Paper,0.001219016659894352
360,Xerox 191,Paper,0.001219016659894352
43,Xerox 1880,Paper,0.0010158472165786266
54,"Adams Phone Message Book, Professional, 400 Message Capacity, 5 3/6” x 11”",Paper,0.0010158472165786266
82,"Adams Phone Message Book, 200 Message Capacity, 8 1/16” x 11”",Paper,0.0010158472165786266
161,"Ampad Gold Fibre Wirebound Steno Books, 6"" x 9"", Gregg Ruled",Paper,0.0010158472165786266
208,Xerox 1923,Paper,0.0010158472165786266
216,"RSVP Cards & Envelopes, Blank White, 8-1/2"" X 11"", 24 Cards/25 Envelopes/Set",Paper,0.0010158472165786266
272,Avoid Verbal Orders Carbonless Minifold Book,Paper,0.0010158472165786266
289,Strathmore Photo Mount Cards,Paper,0.0010158472165786266
338,"IBM Multi-Purpose Copy Paper, 8 1/2 x 11"", Case",Paper,0.0010158472165786266
341,"Eaton Premium Continuous-Feed Paper, 25% Cotton, Letter Size, White, 1000 Shts/Box",Paper,0.0010158472165786266
370,Xerox 1988,Paper,0.0010158472165786266
23,"Telephone Message Books with Fax/Mobile Section, 5 1/2"" x 3 3/16""",Paper,0.0008126777732629012
73,Xerox 216,Paper,0.0008126777732629012
105,"Xerox Color Copier Paper, 11"" x 17"", Ream",Paper,0.0008126777732629012
150,Xerox 1894,Paper,0.0008126777732629012
191,Xerox 1968,Paper,0.0008126777732629012
202,Xerox 1910,Paper,0.0008126777732629012
249,Xerox 1996,Paper,0.0008126777732629012
276,"Rediform S.O.S. 1-Up Phone Message Bk, 4-1/4x3-1/16 Bk, 1 Form/Pg, 40 Messages/Bk, 3/Pk",Paper,0.0008126777732629012
283,Xerox 1909,Paper,0.0008126777732629012
290,Xerox 203,Paper,0.0008126777732629012
296,Xerox 192,Paper,0.0008126777732629012
305,"White Dual Perf Computer Printout Paper, 2700 Sheets, 1 Part, Heavyweight, 20 lbs., 14 7/8 x 11",Paper,0.0008126777732629012
351,Xerox 1978,Paper,0.0008126777732629012
376,Xerox 4200 Series MultiUse Premium Copy Paper (20Lb. and 84 Bright),Paper,0.0008126777732629012
385,Xerox 1903,Paper,0.0008126777732629012
409,Xerox 1944,Paper,0.0008126777732629012
426,Xerox 1971,Paper,0.0008126777732629012
432,Xerox 220,Paper,0.0008126777732629012
436,Great White Multi-Use Recycled Paper (20Lb. and 84 Bright),Paper,0.0008126777732629012
453,Xerox 1893,Paper,0.0008126777732629012
491,Xerox 1933,Paper,0.0008126777732629012
543,Xerox 1899,Paper,0.0008126777732629012
22,"Snap-A-Way Black Print Carbonless Ruled Speed Letter, Triplicate",Paper,0.000609508329947176
29,Xerox 1999,Paper,0.000609508329947176
55,Xerox 1913,Paper,0.000609508329947176
118,"Recycled Desk Saver Line ""While You Were Out"" Book, 5 1/2"" X 4""",Paper,0.000609508329947176
119,Xerox 1912,Paper,0.000609508329947176
180,Xerox 1964,Paper,0.000609508329947176
245,"Ampad Evidence Wirebond Steno Books, 6"" x 9""",Paper,0.000609508329947176
251,"Geographics Note Cards, Blank, White, 8 1/2"" x 11""",Paper,0.000609508329947176
266,Xerox 1915,Paper,0.000609508329947176
278,"Memo Book, 100 Message Capacity, 5 3/8” x 11”",Paper,0.000609508329947176
301,Xerox 1970,Paper,0.000609508329947176
308,Spiral Phone Message Books with Labels by Adams,Paper,0.000609508329947176
314,Xerox 222,Paper,0.000609508329947176
316,Weyerhaeuser First Choice Laser/Copy Paper (20Lb. and 88 Bright),Paper,0.000609508329947176
323,Xerox 1887,Paper,0.000609508329947176
324,Xerox 210,Paper,0.000609508329947176
337,Tops White Computer Printout Paper,Paper,0.000609508329947176
400,Xerox 227,Paper,0.000609508329947176
404,Xerox 2000,Paper,0.000609508329947176
407,"Wirebound Four 2-3/4 x 5 Forms per Page, 400 Sets per Book",Paper,0.000609508329947176
413,"Adams Telephone Message Books, 5 1/4” x 11”",Paper,0.000609508329947176
424,Xerox 213,Paper,0.000609508329947176
482,"TOPS 4 x 6 Fluorescent Color Memo Sheets, 500 Sheets per Pack",Paper,0.000609508329947176
541,Xerox 1906,Paper,0.000609508329947176
58,Southworth 25% Cotton Linen-Finish Paper & Envelopes,Paper,0.0004063388866314506
93,Xerox 1974,Paper,0.0004063388866314506
354,Southworth Parchment Paper & Envelopes,Paper,0.0004063388866314506
375,Xerox 1959,Paper,0.0004063388866314506
500,Things To Do Today Pad,Paper,0.0004063388866314506
505,Xerox 1954,Paper,0.0004063388866314506
522,Xerox 1992,Paper,0.0004063388866314506
528,Xerox 1975,Paper,0.0004063388866314506
440,Okidata C331dn Printer,Machines,0.0008126777732629012
536,Ricoh - Ink Collector Unit for GX3000 Series Printers,Machines,0.000609508329947176
218,Avery File Folder Labels,Labels,0.0016253555465258025
16,Avery 485,Labels,0.0014221861032100772
399,Avery 474,Labels,0.0014221861032100772
47,Avery 519,Labels,0.001219016659894352
188,Avery 499,Labels,0.001219016659894352
358,"Avery 4027 File Folder Labels for Dot Matrix Printers, 5000 Labels per Box, White",Labels,0.001219016659894352
481,Avery 476,Labels,0.001219016659894352
75,Round Specialty Laser Printer Labels,Labels,0.0008126777732629012
83,"Avery Address/Shipping Labels for Typewriters, 4"" x 2""",Labels,0.0008126777732629012
107,Avery 520,Labels,0.0008126777732629012
206,Alphabetical Labels for Top Tab Filing,Labels,0.0008126777732629012
393,Avery 486,Labels,0.0008126777732629012
475,Avery 492,Labels,0.0008126777732629012
508,Avery 483,Labels,0.0008126777732629012
97,Self-Adhesive Removable Labels,Labels,0.000609508329947176
264,Avery 48,Labels,0.000609508329947176
391,Avery 496,Labels,0.000609508329947176
402,Avery 498,Labels,0.000609508329947176
523,Avery 518,Labels,0.000609508329947176
142,Avery 509,Labels,0.0004063388866314506
355,Self-Adhesive Address Labels for Typewriters by Universal,Labels,0.0004063388866314506
442,Avery 489,Labels,0.0004063388866314506
478,"Avery 05222 Permanent Self-Adhesive File Folder Labels for Typewriters, on Rolls, White, 250/Roll",Labels,0.0004063388866314506
533,Avery 502,Labels,0.0004063388866314506
542,Avery 49,Labels,0.0004063388866314506
294,"Eldon Image Series Desk Accessories, Burgundy",Furnishings,0.0022348638764729785
292,DAX Wood Document Frame,Furnishings,0.0020316944331572532
85,Eldon Wave Desk Accessories,Furnishings,0.0018285249898415277
63,Staple-based wall hangings,Furnishings,0.0016253555465258025
124,"Howard Miller 14-1/2"" Diameter Chrome Round Wall Clock",Furnishings,0.0016253555465258025
10,"Howard Miller 13-3/4"" Diameter Brushed Chrome Round Wall Clock",Furnishings,0.0014221861032100772
17,Longer-Life Soft White Bulbs,Furnishings,0.001219016659894352
177,"DAX Value U-Channel Document Frames, Easel Back",Furnishings,0.001219016659894352
303,"Master Caster Door Stop, Large Neon Orange",Furnishings,0.001219016659894352
366,"Eldon Expressions Wood Desk Accessories, Oak",Furnishings,0.001219016659894352
378,Deflect-o Glass Clear Studded Chair Mats,Furnishings,0.001219016659894352
410,"Computer Room Manger, 14""",Furnishings,0.001219016659894352
138,"Deflect-o EconoMat Studded, No Bevel Mat for Low Pile Carpeting",Furnishings,0.0010158472165786266
140,"Howard Miller 11-1/2"" Diameter Grantwood Wall Clock",Furnishings,0.0010158472165786266
198,"Linden 10"" Round Wall Clock, Black",Furnishings,0.0010158472165786266
274,Tensor Computer Mounted Lamp,Furnishings,0.0010158472165786266
313,"GE 48"" Fluorescent Tube, Cool White Energy Saver, 34 Watts, 30/Box",Furnishings,0.0010158472165786266
335,"Seth Thomas 14"" Day/Date Wall Clock",Furnishings,0.0010158472165786266
429,"Tenex Carpeted, Granite-Look or Clear Contemporary Contour Shape Chair Mats",Furnishings,0.0010158472165786266
69,Regeneration Desk Collection,Furnishings,0.0008126777732629012
170,"Howard Miller 13-1/2"" Diameter Rosebrook Wall Clock",Furnishings,0.0008126777732629012
183,12-1/2 Diameter Round Wall Clock,Furnishings,0.0008126777732629012
203,Dax Clear Box Frame,Furnishings,0.0008126777732629012
219,DAX Black Cherry Wood-Tone Poster Frame,Furnishings,0.0008126777732629012
334,"Floodlight Indoor Halogen Bulbs, 1 Bulb per Pack, 60 Watts",Furnishings,0.0008126777732629012
434,"DataProducts Ampli Magnifier Task Lamp, Black,",Furnishings,0.0008126777732629012
501,"DAX Cubicle Frames, 8-1/2 x 11",Furnishings,0.0008126777732629012
21,Luxo Economy Swing Arm Lamp,Furnishings,0.000609508329947176
26,"Eldon Expressions Desk Accessory, Wood Pencil Holder, Oak",Furnishings,0.000609508329947176
30,"Seth Thomas 13 1/2"" Wall Clock",Furnishings,0.000609508329947176
108,"GE General Purpose, Extra Long Life, Showcase & Floodlight Incandescent Bulbs",Furnishings,0.000609508329947176
199,"Executive Impressions 14"" Contract Wall Clock",Furnishings,0.000609508329947176
224,Magna Visual Magnetic Picture Hangers,Furnishings,0.000609508329947176
225,C-Line Cubicle Keepers Polyproplyene Holder With Velcro Backings,Furnishings,0.000609508329947176
257,Eldon Radial Chair Mat for Low to Medium Pile Carpets,Furnishings,0.000609508329947176
318,9-3/4 Diameter Round Wall Clock,Furnishings,0.000609508329947176
401,"Executive Impressions 14""",Furnishings,0.000609508329947176
421,"Master Caster Door Stop, Brown",Furnishings,0.000609508329947176
423,Dana Swing-Arm Lamps,Furnishings,0.000609508329947176
460,"DAX Two-Tone Rosewood/Black Document Frame, Desktop, 5 x 7",Furnishings,0.000609508329947176
477,Eldon ClusterMat Chair Mat with Cordless Antistatic Protection,Furnishings,0.000609508329947176
127,Executive Impressions Supervisor Wall Clock,Furnishings,0.0004063388866314506
145,"Contract Clock, 14"", Brown",Furnishings,0.0004063388866314506
461,OIC Stacking Trays,Furnishings,0.0004063388866314506
488,"Howard Miller 11-1/2"" Diameter Brentwood Wall Clock",Furnishings,0.0004063388866314506
515,"6"" Cubicle Wall Clock, Black",Furnishings,0.0004063388866314506
538,"Dana Fluorescent Magnifying Lamp, White, 36""",Furnishings,0.0004063388866314506
131,Staples,Fasteners,0.0040633888663145065
248,Stockwell Push Pins,Fasteners,0.001219016659894352
258,"Vinyl Coated Wire Paper Clips in Organizer Box, 800/Box",Fasteners,0.001219016659894352
192,Advantus Plastic Paper Clips,Fasteners,0.0010158472165786266
59,"Advantus Push Pins, Aluminum Head",Fasteners,0.0008126777732629012
45,Ideal Clamps,Fasteners,0.000609508329947176
80,"OIC Binder Clips, Mini, 1/4"" Capacity, Black",Fasteners,0.000609508329947176
427,Rubber Band Ball,Fasteners,0.000609508329947176
479,"Acco Banker's Clasps, 5 3/4""-Long",Fasteners,0.000609508329947176
49,Staple envelope,Envelopes,0.0058919138561560344
11,Poly String Tie Envelopes,Envelopes,0.001219016659894352
37,"Tyvek  Top-Opening Peel & Seel Envelopes, Plain White",Envelopes,0.001219016659894352
36,"Redi-Strip #10 Envelopes, 4 1/8 x 9 1/2",Envelopes,0.0010158472165786266
350,"#10- 4 1/8"" x 9 1/2"" Recycled Envelopes",Envelopes,0.0010158472165786266
121,Colored Envelopes,Envelopes,0.0008126777732629012
166,Airmail Envelopes,Envelopes,0.0008126777732629012
176,"#10- 4 1/8"" x 9 1/2"" Security-Tint Envelopes",Envelopes,0.0008126777732629012
194,Security-Tint Envelopes,Envelopes,0.0008126777732629012
39,Globe Weis Peel & Seel First Class Envelopes,Envelopes,0.000609508329947176
122,"Strathmore #10 Envelopes, Ultimate White",Envelopes,0.000609508329947176
178,"Manila Recycled Extra-Heavyweight Clasp Envelopes, 6"" x 9""",Envelopes,0.000609508329947176
231,Peel & Seel Envelopes,Envelopes,0.000609508329947176
395,"#10 White Business Envelopes,4 1/8 x 9 1/2",Envelopes,0.000609508329947176
498,"Inter-Office Recycled Envelopes, Brown Kraft, Button-String,10"" x 13"" , 100/Box",Envelopes,0.0004063388866314506
95,Sharp AL-1530CS Digital Copier,Copiers,0.0008126777732629012
384,Hewlett Packard 310 Color Digital Copier,Copiers,0.0008126777732629012
502,Canon PC-428 Personal Copier,Copiers,0.0008126777732629012
529,Canon PC940 Copier,Copiers,0.0004063388866314506
51,SAFCO Arco Folding Chair,Chairs,0.0016253555465258025
125,DMI Arturo Collection Mission-style Design Wood Chair,Chairs,0.0016253555465258025
135,"Situations Contoured Folding Chairs, 4/Set",Chairs,0.0016253555465258025
234,"Global Value Mid-Back Manager's Chair, Gray",Chairs,0.0016253555465258025
1,"Hon Deluxe Fabric Upholstered Stacking Chairs, Rounded Back",Chairs,0.0014221861032100772
24,High-Back Leather Manager's Chair,Chairs,0.0014221861032100772
56,"Global Value Steno Chair, Gray",Chairs,0.0014221861032100772
18,"Global Leather Task Chair, Black",Chairs,0.001219016659894352
62,Global Low Back Tilter Chair,Chairs,0.001219016659894352
139,HON 5400 Series Task Chairs for Big and Tall,Chairs,0.001219016659894352
307,Safco Contoured Stacking Chairs,Chairs,0.001219016659894352
433,Global Highback Leather Tilter in Burgundy,Chairs,0.001219016659894352
84,Global Ergonomic Managers Chair,Chairs,0.0010158472165786266
102,Hon Multipurpose Stacking Arm Chairs,Chairs,0.0010158472165786266
106,Office Star - Ergonomically Designed Knee Chair,Chairs,0.0010158472165786266
186,Office Star - Contemporary Task Swivel Chair,Chairs,0.0010158472165786266
261,Office Star - Contemporary Swivel Chair with Padded Adjustable Arms and Flex Back,Chairs,0.0010158472165786266
281,"Global High-Back Leather Tilter, Burgundy",Chairs,0.0010158472165786266
390,Hon Olson Stacker Stools,Chairs,0.0010158472165786266
462,"Global Armless Task Chair, Royal Blue",Chairs,0.0010158472165786266
466,"Global Wood Trimmed Manager's Task Chair, Khaki",Chairs,0.0010158472165786266
471,Hon Every-Day Series Multi-Task Chairs,Chairs,0.0010158472165786266
486,"Global Leather and Oak Executive Chair, Black",Chairs,0.0010158472165786266
506,Harbour Creations 67200 Series Stacking Chairs,Chairs,0.0010158472165786266
524,Hon Comfortask Task/Swivel Chairs,Chairs,0.0010158472165786266
27,Novimex Swivel Fabric Task Chair,Chairs,0.0008126777732629012
195,"Global Airflow Leather Mesh Back Chair, Black",Chairs,0.0008126777732629012
197,Global Deluxe Office Fabric Chairs,Chairs,0.0008126777732629012
230,Global Comet Stacking Arm Chair,Chairs,0.0008126777732629012
270,Hon Valutask Swivel Chairs,Chairs,0.0008126777732629012
347,Hon 4070 Series Pagoda Armless Upholstered Stacking Chairs,Chairs,0.0008126777732629012
356,Hon GuestStacker Chair,Chairs,0.0008126777732629012
368,Hon Mobius Operator's Chair,Chairs,0.0008126777732629012
526,"Global Stack Chair with Arms, Black",Chairs,0.0008126777732629012
100,Novimex High-Tech Fabric Mesh Task Chair,Chairs,0.000609508329947176
112,"Global Geo Office Task Chair, Gray",Chairs,0.000609508329947176
113,Hon 4700 Series Mobuis Mid-Back Task Chairs with Adjustable Arms,Chairs,0.000609508329947176
253,Global Chrome Stack Chair,Chairs,0.000609508329947176
361,"Global Fabric Manager's Chair, Dark Gray",Chairs,0.000609508329947176
387,"Iceberg Nesting Folding Chair, 19w x 6d x 43h",Chairs,0.000609508329947176
490,Hon Pagoda Stacking Chairs,Chairs,0.000609508329947176
403,SAFCO Optional Arm Kit for Workspace Cribbage Stacking Chair,Chairs,0.0004063388866314506
415,"Hon Deluxe Fabric Upholstered Stacking Chairs, Squared Back",Chairs,0.0004063388866314506
513,Hon Every-Day Chair Series Swivel Task Chairs,Chairs,0.0004063388866314506
363,DMI Eclipse Executive Suite Bookcases,Bookcases,0.0020316944331572532
232,"Atlantic Metals Mobile 5-Shelf Bookcases, Custom Colors",Bookcases,0.0014221861032100772
331,"Sauder Camden County Collection Libraries, Planked Cherry Finish",Bookcases,0.001219016659894352
398,O'Sullivan Living Dimensions 2-Shelf Bookcases,Bookcases,0.001219016659894352
175,O'Sullivan Living Dimensions 5-Shelf Bookcases,Bookcases,0.0010158472165786266
184,"Safco Value Mate Series Steel Bookcases, Baked Enamel Finish on Steel, Gray",Bookcases,0.0010158472165786266
342,O'Sullivan 2-Shelf Heavy-Duty Bookcases,Bookcases,0.0010158472165786266
0,Bush Somerset Collection Bookcase,Bookcases,0.0008126777732629012
210,"Bush Westfield Collection Bookcases, Fully Assembled",Bookcases,0.0008126777732629012
494,O'Sullivan Plantations 2-Door Library in Landvery Oak,Bookcases,0.0008126777732629012
8,"Riverside Palais Royal Lawyers Bookcase, Royale Cherry Finish",Bookcases,0.000609508329947176
99,O'Sullivan 4-Shelf Bookcase in Odessa Pine,Bookcases,0.000609508329947176
422,O'Sullivan 2-Door Barrister Bookcase in Odessa Pine,Bookcases,0.000609508329947176
458,"Hon Metal Bookcases, Putty",Bookcases,0.000609508329947176
329,"Sauder Camden County Barrister Bookcase, Planked Cherry Finish",Bookcases,0.0004063388866314506
78,Storex Dura Pro Binders,Binders,0.002641202763104429
79,Avery Non-Stick Binders,Binders,0.0022348638764729785
171,Ibico Hi-Tech Manual Binding System,Binders,0.0020316944331572532
90,"Angle-D Binders with Locking Rings, Label Holders",Binders,0.0018285249898415277
265,Avery Arch Ring Binders,Binders,0.0018285249898415277
163,Premium Transparent Presentation Covers by GBC,Binders,0.0016253555465258025
252,GBC Instant Report Kit,Binders,0.0016253555465258025
76,GBC Premium Transparent Covers with Diagonal Lined Pattern,Binders,0.0014221861032100772
115,Acco D-Ring Binder w/DublLock,Binders,0.0014221861032100772
123,Clear Mylar Reinforcing Strips,Binders,0.0014221861032100772
212,Wilson Jones Legal Size Ring Binders,Binders,0.0014221861032100772
241,"GBC Standard Recycled Report Covers, Clear Plastic Sheets",Binders,0.0014221861032100772
340,GBC DocuBind TL300 Electric Binding System,Binders,0.0014221861032100772
367,"XtraLife ClearVue Slant-D Ring Binder, White, 3""",Binders,0.0014221861032100772
383,SpineVue Locking Slant-D Ring Binders by Cardinal,Binders,0.0014221861032100772
6,"Wilson Jones Hanging View Binder, White, 1""",Binders,0.001219016659894352
41,"Avery Durable Slant Ring Binders, No Labels",Binders,0.001219016659894352
185,Heavy-Duty E-Z-D Binders,Binders,0.001219016659894352
220,Wilson Jones Easy Flow II Sheet Lifters,Binders,0.001219016659894352
221,Acco Suede Grain Vinyl Round Ring Binder,Binders,0.001219016659894352
243,Binding Machine Supplies,Binders,0.001219016659894352
269,GBC Plastic Binding Combs,Binders,0.001219016659894352
317,Wilson Jones Turn Tabs Binder Tool for Ring Binders,Binders,0.001219016659894352
406,Pressboard Data Binders by Wilson Jones,Binders,0.001219016659894352
438,"Pressboard Covers with Storage Hooks, 9 1/2"" x 11"", Light Blue",Binders,0.001219016659894352
463,GBC Wire Binding Combs,Binders,0.001219016659894352
467,"Cardinal HOLDit! Binder Insert Strips,Extra Strips",Binders,0.001219016659894352
4,DXL Angle-View Binders with Locking Rings by Samsill,Binders,0.0010158472165786266
7,Wilson Jones Active Use Binders,Binders,0.0010158472165786266
31,Ibico Standard Transparent Covers,Binders,0.0010158472165786266
33,"Avery Trapezoid Ring Binder, 3"" Capacity, Black, 1040 sheets",Binders,0.0010158472165786266
35,"Avery Durable Plastic 1"" Binders",Binders,0.0010158472165786266
88,"GBC Twin Loop Wire Binding Elements, 9/16"" Spine, Black",Binders,0.0010158472165786266
160,"Acco Pressboard Covers with Storage Hooks, 9 1/2"" x 11"", Executive Red",Binders,0.0010158472165786266
222,Cardinal EasyOpen D-Ring Binders,Binders,0.0010158472165786266
235,3M Organizer Strips,Binders,0.0010158472165786266
256,Peel & Stick Add-On Corner Pockets,Binders,0.0010158472165786266
320,"Wilson Jones 1"" Hanging DublLock Ring Binders",Binders,0.0010158472165786266
325,Recycled Easel Ring Binders,Binders,0.0010158472165786266
345,Newell 3-Hole Punched Plastic Slotted Magazine Holders for Binders,Binders,0.0010158472165786266
369,GBC DocuBind P50 Personal Binding Machine,Binders,0.0010158472165786266
374,Avery Self-Adhesive Photo Pockets for Polaroid Photos,Binders,0.0010158472165786266
397,"Fellowes Twister Kit, Gray/Clear, 3/pkg",Binders,0.0010158472165786266
420,Ibico Plastic Spiral Binding Combs,Binders,0.0010158472165786266
444,Wilson Jones Impact Binders,Binders,0.0010158472165786266
447,Accohide Poly Flexible Ring Binders,Binders,0.0010158472165786266
449,Cardinal Holdit Business Card Pockets,Binders,0.0010158472165786266
454,"Acco Flexible ACCOHIDE Square Ring Data Binder, Dark Blue, 11 1/2"" X 14"" 7/8""",Binders,0.0010158472165786266
464,GBC Recycled VeloBinder Covers,Binders,0.0010158472165786266
473,"Premium Transparent Presentation Covers, No Pattern/Clear, 8 1/2"" x 11""",Binders,0.0010158472165786266
483,Ibico EB-19 Dual Function Manual Binding System,Binders,0.0010158472165786266
5,Fellowes PB200 Plastic Comb Binding Machine,Binders,0.0008126777732629012
70,Round Ring Binders,Binders,0.0008126777732629012
157,GBC VeloBinder Manual Binding System,Binders,0.0008126777732629012
158,"Cardinal Slant-D Ring Binder, Heavy Gauge Vinyl",Binders,0.0008126777732629012
165,Avery Durable Poly Binders,Binders,0.0008126777732629012
201,Poly Designer Cover & Back,Binders,0.0008126777732629012
207,Deluxe Heavy-Duty Vinyl Round Ring Binder,Binders,0.0008126777732629012
237,Avery Printable Repositionable Plastic Tabs,Binders,0.0008126777732629012
254,GBC DocuBind P400 Electric Binding System,Binders,0.0008126777732629012
287,GBC Recycled Regency Composition Covers,Binders,0.0008126777732629012
299,Ibico Plastic and Wire Spiral Binding Combs,Binders,0.0008126777732629012
321,"GBC Velobind Prepunched Cover Sets, Regency Series",Binders,0.0008126777732629012
379,Storex DuraTech Recycled Plastic Frosted Binders,Binders,0.0008126777732629012
431,GBC Standard Therm-A-Bind Covers,Binders,0.0008126777732629012
435,Avery Premier Heavy-Duty Binder with Round Locking Rings,Binders,0.0008126777732629012
456,"Acco Pressboard Covers with Storage Hooks, 14 7/8"" x 11"", Light Blue",Binders,0.0008126777732629012
487,GBC ProClick Spines for 32-Hole Punch,Binders,0.0008126777732629012
510,"Avery Triangle Shaped Sheet Lifters, Black, 2/Pack",Binders,0.0008126777732629012
525,JM Magazine Binder,Binders,0.0008126777732629012
9,Avery Recycled Flexi-View Covers for Binding Systems,Binders,0.000609508329947176
12,"Acco Pressboard Covers with Storage Hooks, 14 7/8"" x 11"", Executive Red",Binders,0.000609508329947176
280,Avery Non-Stick Heavy Duty View Round Locking Ring Binders,Binders,0.000609508329947176
300,Ibico Laser Imprintable Binding System Covers,Binders,0.000609508329947176
312,Avery Binder Labels,Binders,0.000609508329947176
330,"DXL Angle-View Binders with Locking Rings, Black",Binders,0.000609508329947176
382,Insertable Tab Indexes For Data Binders,Binders,0.000609508329947176
455,"Wilson Jones Clip & Carry Folder Binder Tool for Ring Binders, Clear",Binders,0.000609508329947176
459,"Square Ring Data Binders, Rigid 75 Pt. Covers, 11"" x 14-7/8""",Binders,0.000609508329947176
288,Canvas Sectional Post Binders,Binders,0.0004063388866314506
507,Avery Round Ring Poly Binders,Binders,0.0004063388866314506
229,Staples in misc. colors,Art,0.002641202763104429
279,Newell 35,Art,0.0016253555465258025
151,Newell 312,Art,0.0014221861032100772
310,"BOSTON Ranger #55 Pencil Sharpener, Black",Art,0.0014221861032100772
13,Lumber Crayons,Art,0.001219016659894352
57,"Binney & Smith Crayola Metallic Colored Pencils, 8-Color Set",Art,0.001219016659894352
109,Newell 345,Art,0.001219016659894352
129,Newell 317,Art,0.0010158472165786266
141,Zebra Zazzle Fluorescent Highlighters,Art,0.0010158472165786266
189,Newell 32,Art,0.0010158472165786266
412,DIXON Ticonderoga Erasable Checking Pencils,Art,0.0010158472165786266
472,Boston Home & Office Model 2000 Electric Pencil Sharpeners,Art,0.0010158472165786266
496,SANFORD Major Accent Highlighters,Art,0.0010158472165786266
44,"Sanford Colorific Colored Pencils, 12/Box",Art,0.0008126777732629012
52,Sanford Liquid Accent Highlighters,Art,0.0008126777732629012
81,"BIC Brite Liner Highlighters, Chisel Tip",Art,0.0008126777732629012
89,Crayola Colored Pencils,Art,0.0008126777732629012
128,Newell 327,Art,0.0008126777732629012
240,Stanley Contemporary Battery Pencil Sharpeners,Art,0.0008126777732629012
246,Newell 351,Art,0.0008126777732629012
311,Panasonic KP-4ABK Battery-Operated Pencil Sharpener,Art,0.0008126777732629012
332,Prang Colored Pencils,Art,0.0008126777732629012
381,Newell 315,Art,0.0008126777732629012
411,Newell 311,Art,0.0008126777732629012
425,Peel-Off China Markers,Art,0.0008126777732629012
437,"Boston Electric Pencil Sharpener, Model 1818, Charcoal Black",Art,0.0008126777732629012
445,Newell 34,Art,0.0008126777732629012
465,"Binney & Smith inkTank Desk Highlighter, Chisel Tip, Yellow, 12/Box",Art,0.0008126777732629012
484,Economy #2 Pencils,Art,0.0008126777732629012
20,Prang Dustless Chalk Sticks,Art,0.000609508329947176
34,Newell Chalk Holder,Art,0.000609508329947176
101,Bulldog Vacuum Base Pencil Sharpener,Art,0.000609508329947176
111,Boston 1645 Deluxe Heavier-Duty Electric Pencil Sharpener,Art,0.000609508329947176
126,Rogers Handheld Barrel Pencil Sharpener,Art,0.000609508329947176
326,Boston Heavy-Duty Trimline Electric Pencil Sharpeners,Art,0.000609508329947176
339,Newell 309,Art,0.000609508329947176
468,DIXON Oriole Pencils,Art,0.000609508329947176
277,Boston 16701 Slimline Battery Pencil Sharpener,Art,0.0004063388866314506
286,Panasonic KP-150 Electric Pencil Sharpener,Art,0.0004063388866314506
428,Boston 16750 Black Compact Battery Pencil Sharpener,Art,0.0004063388866314506
94,Staple holder,Appliances,0.001219016659894352
152,Fellowes Superior 10 Outlet Split Surge Protector,Appliances,0.001219016659894352
441,"Holmes Replacement Filter for HEPA Air Cleaner, Very Large Room, HEPA Filter",Appliances,0.001219016659894352
159,Belkin Premiere Surge Master II 8-outlet surge protector,Appliances,0.0010158472165786266
271,Acco 6 Outlet Guardian Premium Surge Suppressor,Appliances,0.0010158472165786266
405,Belkin 5 Outlet SurgeMaster Power Centers,Appliances,0.0010158472165786266
416,Honeywell Enviracaire Portable HEPA Air Cleaner for 17' x 22' Room,Appliances,0.0010158472165786266
87,Holmes Odor Grabber,Appliances,0.0008126777732629012
148,Fellowes Basic Home/Office Series Surge Protectors,Appliances,0.0008126777732629012
215,Kensington 4 Outlet MasterPiece Compact Power Control Center,Appliances,0.0008126777732629012
346,Acco 6 Outlet Guardian Standard Surge Suppressor,Appliances,0.0008126777732629012
352,3.6 Cubic Foot Counter Height Office Refrigerator,Appliances,0.0008126777732629012
380,Tripp Lite Isotel 6 Outlet Surge Protector with Fax/Modem Protection,Appliances,0.0008126777732629012
520,"Commercial WindTunnel Clean Air Upright Vacuum, Replacement Belts, Filtration Bags",Appliances,0.0008126777732629012
169,Hoover Portapower Portable Vacuum,Appliances,0.000609508329947176
236,Belkin 8 Outlet SurgeMaster II Gold Surge Protector,Appliances,0.000609508329947176
343,"Holmes Replacement Filter for HEPA Air Cleaner, Medium Room",Appliances,0.000609508329947176
353,"1.7 Cubic Foot Compact ""Cube"" Office Refrigerators",Appliances,0.000609508329947176
371,Harmony HEPA Quiet Air Purifiers,Appliances,0.000609508329947176
439,Belkin F9S820V06 8 Outlet Surge,Appliances,0.000609508329947176
448,Belkin F9H710-06 7 Outlet SurgeMaster Surge Protector,Appliances,0.000609508329947176
499,Holmes 99% HEPA Air Purifier,Appliances,0.000609508329947176
503,Honeywell Quietcare HEPA Air Cleaner,Appliances,0.000609508329947176
518,Euro-Pro Shark Turbo Vacuum,Appliances,0.000609508329947176
544,Hoover Commercial SteamVac,Appliances,0.000609508329947176
65,Logitech P710e Mobile Speakerphone,Accessories,0.002438033319788704
68,Logitech 910-002974 M325 Wireless Mouse for Web Scrolling,Accessories,0.0020316944331572532
14,Imation 8gb Micro Traveldrive Usb 2.0 Flash Drive,Accessories,0.0014221861032100772
244,Logitech G19 Programmable Gaming Keyboard,Accessories,0.0014221861032100772
304,Kingston Digital DataTraveler 16GB USB 2.0,Accessories,0.0014221861032100772
92,Sony 64GB Class 10 Micro SDHC R40 Memory Card,Accessories,0.001219016659894352
137,SanDisk Cruzer 64 GB USB Flash Drive,Accessories,0.001219016659894352
213,Maxell 4.7GB DVD-R,Accessories,0.001219016659894352
226,Plantronics CS510 - Over-the-Head monaural Wireless Headset System,Accessories,0.001219016659894352
284,SanDisk Ultra 32 GB MicroSDHC Class 10 Memory Card,Accessories,0.001219016659894352
333,Logitech Wireless Marathon Mouse M705,Accessories,0.001219016659894352
396,Maxell 4.7GB DVD-RW 3/Pack,Accessories,0.001219016659894352
443,Case Logic 2.4GHz Wireless Keyboard,Accessories,0.001219016659894352
457,Logitech Desktop MK120 Mouse and keyboard Combo,Accessories,0.001219016659894352
32,Logitech K350 2.4Ghz Wireless Keyboard,Accessories,0.0010158472165786266
136,Enermax Aurora Lite Keyboard,Accessories,0.0010158472165786266
233,Logitech Wireless Performance Mouse MX for PC and Mac,Accessories,0.0010158472165786266
306,Belkin F8E887 USB Wired Ergonomic Keyboard,Accessories,0.0010158472165786266
322,Logitech G105 Gaming Keyboard,Accessories,0.0010158472165786266
451,Logitech Trackman Marble Mouse,Accessories,0.0010158472165786266
452,Memorex Mini Travel Drive 64 GB USB 2.0 Flash Drive,Accessories,0.0010158472165786266
485,WD My Passport Ultra 2TB Portable External Hard Drive,Accessories,0.0010158472165786266
28,Logitech LS21 Speaker System - PC Multimedia - 2.1-CH - Wired,Accessories,0.0008126777732629012
86,Microsoft Natural Keyboard Elite,Accessories,0.0008126777732629012
114,Logitech G700s Rechargeable Gaming Mouse,Accessories,0.0008126777732629012
205,Anker Ultrathin Bluetooth Wireless Keyboard Aluminum Cover with Stand,Accessories,0.0008126777732629012
293,SanDisk Ultra 64 GB MicroSDHC Class 10 Memory Card,Accessories,0.0008126777732629012
344,Imation Clip USB flash drive - 8 GB,Accessories,0.0008126777732629012
357,Plantronics Audio 478 Stereo USB Headset,Accessories,0.0008126777732629012
480,Logitech Wireless Gaming Headset G930,Accessories,0.0008126777732629012
493,Memorex Micro Travel Drive 16 GB,Accessories,0.0008126777732629012
48,Lenovo 17-Key USB Numeric Keypad,Accessories,0.000609508329947176
291,Plantronics Audio 995 Wireless Stereo Headset,Accessories,0.000609508329947176
328,Logitech ClearChat Comfort/USB Headset H390,Accessories,0.000609508329947176
386,Logitech VX Revolution Cordless Laser Mouse for Notebooks (Black),Accessories,0.000609508329947176
474,"Maxell Pro 80 Minute CD-R, 10/Pack",Accessories,0.000609508329947176
190,Sony 16GB Class 10 Micro SDHC R40 Memory Card,Accessories,0.0004063388866314506
327,First Data FD10 PIN Pad,Accessories,0.0004063388866314506
521,Logitech G35 7.1-Channel Surround Sound Headset,Accessories,0.0004063388866314506
534,Kensington Expert Mouse Optical USB Trackball for PC or Mac,Accessories,0.0004063388866314506
